{
  "shenweizhou2": {
    "bleu": 14.23628332936309,
    "success": 83.39999999999166,
    "match": 91.09999999999089,
    "score": 101.48628332935436,
    "result": "validation [CTR] match: 91.10  success: 83.40  bleu: 14.24    score: 101.49"
  },
  "yangyy": {
    "bleu": 13.058233585429027,
    "success": 78.49999999999214,
    "match": 92.49999999999075,
    "score": 98.55823358542047,
    "result": "validation [CTR] match: 92.50  success: 78.50  bleu: 13.06    score: 98.56"
  }
}